,Instrumented,Clean
google.com,1449.165,1472.572
google.com,490.148,415.513
google.com,445.811,420.755
google.com,488.029,482.498
google.com,432.841,435.064
google.com,461.816,406.781
google.com,434.671,418.467
google.com,414.524,421.921
google.com,401.715,418.841
google.com,402.456,462.717
youtube.com,2965.361,2991.157
youtube.com,1490.736,2518.186
youtube.com,2066.792,1757.562
youtube.com,2593.475,2168.664
youtube.com,1374.565,1643.411
youtube.com,2335.616,2075.634
youtube.com,2440.404,1826.05
youtube.com,1857.277,2248.217
youtube.com,1475.258,1650.046
youtube.com,2130.88,1652.033
facebook.com,1319.784,1362.244
facebook.com,911.858,638.667
facebook.com,653.754,674.177
facebook.com,772.004,656.494
facebook.com,638.405,569.612
facebook.com,611.082,582.551
facebook.com,570.039,568.39
facebook.com,568.725,540.363
facebook.com,544.603,830.392
facebook.com,759.967,733.269
baidu.com,8045.673,9662.793
baidu.com,871.23,879.279
baidu.com,837.337,858.96
baidu.com,1420.43,872.586
baidu.com,1402.17,1720.442
baidu.com,1273.407,1416.406
baidu.com,1424.227,1652.303
baidu.com,1393.715,1404.172
baidu.com,1448.161,1649.48
baidu.com,1525.6,1416.455
wikipedia.org,1283.41,1774.128
wikipedia.org,209.904,229.791
wikipedia.org,188.927,180.891
wikipedia.org,221.317,227.929
wikipedia.org,167.782,226.263
wikipedia.org,187.068,202.797
wikipedia.org,203.829,193.274
wikipedia.org,192.712,182.817
wikipedia.org,186.908,182.539
wikipedia.org,202.262,210.898
qq.com,96085.828,96124.127
qq.com,181638.868,181336.835
qq.com,95340.593,94350.156
qq.com,93604.074,93391.657
qq.com,93558.884,93585.485
qq.com,93539.338,93624.723
qq.com,93418.977,93616.455
qq.com,93656.395,93581.552
qq.com,93545.059,93566.332
qq.com,93550.323,93458.831
taobao.com,10375.859,8302.35
taobao.com,2550.953,8497.202
taobao.com,4161.748,4331.568
taobao.com,3042.299,5316.254
taobao.com,2732.933,2728.53
taobao.com,2245.175,5011.929
taobao.com,3103.447,10825.019
taobao.com,3725.775,2683.721
taobao.com,2329.564,6725.546
taobao.com,2873.195,4980.829
amazon.com,2240.567,2681.178
amazon.com,1207.228,1541.002
amazon.com,958.087,1264.004
amazon.com,1359.59,1014.484
amazon.com,1431.665,1523.373
amazon.com,1109.192,1107.447
amazon.com,1322.911,1038.248
amazon.com,1286.618,998.229
amazon.com,1060.195,1163.316
amazon.com,1288.098,1120.3
yahoo.com,1447.087,1431.748
yahoo.com,313.162,320.981
yahoo.com,317.834,320.974
yahoo.com,324.995,299.523
yahoo.com,319.879,422.111
yahoo.com,320.208,311.465
yahoo.com,329.765,314.615
yahoo.com,318.272,308.642
yahoo.com,319.56,312.46
yahoo.com,316.49,302.18
tmall.com,7080.903,10078.672
tmall.com,2125.253,2384.868
tmall.com,2868.89,1531.14
tmall.com,1950.488,1462.653
tmall.com,1989.99,1420.413
tmall.com,2882.188,1429.72
tmall.com,2550.005,1388.92
tmall.com,2350.519,2110.316
tmall.com,2019.863,1533.619
tmall.com,2440.185,1348.506
twitter.com,2441.362,2920.229
twitter.com,1052.276,1043.934
twitter.com,1021.486,999.838
twitter.com,1027.402,1042.581
twitter.com,951.956,942.622
twitter.com,1117.268,1161.859
twitter.com,3793.344,1032.348
twitter.com,957.473,1003.38
twitter.com,1043.976,914.416
twitter.com,1017.337,920.343
jd.com,5507.367,7855.355
jd.com,1877.762,2332.011
jd.com,2156.198,2024.539
jd.com,1939.46,2034.322
jd.com,2552.859,3927.174
jd.com,1936.998,2383.072
jd.com,1938.951,3049.337
jd.com,1976.009,1724.681
jd.com,2021.85,1975.84
jd.com,1952.891,1737.537
sohu.com,76607.976,300014.893
sohu.com,300032.715,29469.035
sohu.com,40285.145,9261.653
sohu.com,20127.99,9241.739
sohu.com,51375.955,6194.711
sohu.com,23556.428,7567.596
sohu.com,34066.615,7807.465
sohu.com,15208.091,91711.448
sohu.com,38859.157,10663.199
sohu.com,34025.276,7244.287
live.com,1790.724,1644.951
live.com,353.546,329.5
live.com,331.559,318.096
live.com,369.01,379.484
live.com,294.566,278.182
live.com,245.462,279.927
live.com,267.347,285.304
live.com,283.236,251.411
live.com,285.768,245.04
live.com,295.174,296.455
instagram.com,1456.938,1409.254
instagram.com,704.404,613.018
instagram.com,647.336,627.145
instagram.com,661.163,681.323
instagram.com,1986.967,577.255
instagram.com,595.594,586.384
instagram.com,580.848,617.073
instagram.com,606.58,623.734
instagram.com,567.171,585.75
instagram.com,569.685,642.033
weibo.com,15829.195,29606.939
weibo.com,5101.031,3187.287
weibo.com,6051.954,3840.907
weibo.com,4180.961,2667.216
weibo.com,3530.752,128035.982
weibo.com,3165.558,4091.168
weibo.com,3496.247,4207.739
weibo.com,3244.7,4617.256
weibo.com,3348.305,3255.642
weibo.com,4509.721,3249.47
sina.com.cn,27363.903,31235.999
sina.com.cn,7103.549,23049.617
sina.com.cn,5622.392,11698.985
sina.com.cn,5585.118,6723.116
sina.com.cn,4745.722,8108.396
sina.com.cn,5371.35,9285.778
sina.com.cn,5214.374,6895.399
sina.com.cn,4397.482,32688.345
sina.com.cn,6630.84,14901.271
sina.com.cn,4784.923,6907.772
reddit.com,5812.865,9788.54
reddit.com,3312.861,3483.249
reddit.com,5236.915,4223.493
reddit.com,4825.894,4611.616
reddit.com,3289.064,3381.426
reddit.com,3791.725,3492.993
reddit.com,3413.26,3371.859
reddit.com,3984.482,4041.542
reddit.com,3503.64,3501.411
reddit.com,3592.727,3749.851
login.tmall.com,8189.66,10684.933
login.tmall.com,1321.129,1683.431
login.tmall.com,1329.102,1258.615
login.tmall.com,1278.715,2304.677
login.tmall.com,3013.276,1485.124
login.tmall.com,1234.587,1381.598
login.tmall.com,1818.774,1413.197
login.tmall.com,1377.476,1239.47
login.tmall.com,1366.874,3797.731
login.tmall.com,2156.341,2755.213
blogspot.com,3634.328,3083.667
blogspot.com,1568.587,1464.821
blogspot.com,1661.601,1400.804
blogspot.com,1394.737,1414.435
blogspot.com,1396.031,1398.609
blogspot.com,1563.224,1387.307
blogspot.com,1356.336,1401.48
blogspot.com,1390.091,1398.86
blogspot.com,1377.766,1375.681
blogspot.com,2013.188,1403.983
360.cn,5341.937,7243.049
360.cn,709.375,1247.697
360.cn,1699.616,1463.642
360.cn,1714.473,2147.42
360.cn,1731.169,2451.333
360.cn,1555.407,1233.934
360.cn,1722.841,2260.094
360.cn,1719.528,2891.587
360.cn,1713.748,1264.755
360.cn,1631.802,851.489
netflix.com,1658.351,1585.769
netflix.com,803.214,1016.794
netflix.com,806.438,1032.911
netflix.com,759.279,989.932
netflix.com,1083.865,998.314
netflix.com,1116.034,1169.083
netflix.com,1178.75,644.984
netflix.com,751.081,879.894
netflix.com,829.878,1021.104
netflix.com,813.073,757.972
csdn.net,33362.674,36480.962
csdn.net,3269.658,2986.395
csdn.net,3326.621,3811.474
csdn.net,3231.378,3399.089
csdn.net,3826.287,3447.035
csdn.net,2993.08,3285.473
csdn.net,3394.552,3434.233
csdn.net,34084.893,4253.277
csdn.net,3048.658,4139.072
csdn.net,3594.273,3480.801
tribunnews.com,95313.791,94994.776
tribunnews.com,180911.649,180804.573
tribunnews.com,300035.169,300031.59
tribunnews.com,300029.776,91328.063
tribunnews.com,91731.354,91114.456
tribunnews.com,181035.195,91085.936
tribunnews.com,300029.147,91161.651
tribunnews.com,91424.1,91074.091
tribunnews.com,91178.544,300027.008
tribunnews.com,180327.006,91440.305
twitch.tv,6317.541,7299.899
twitch.tv,2429.965,989.094
twitch.tv,2550.31,1062.425
twitch.tv,1123.18,1248.315
twitch.tv,1111.235,4166.296
twitch.tv,1341.563,2544.035
twitch.tv,3198.049,3665.039
twitch.tv,1938.615,3076.019
twitch.tv,5003.879,819.304
twitch.tv,998.732,2601.179
yahoo.co.jp,13261.211,13372.394
yahoo.co.jp,4509.627,5106.663
yahoo.co.jp,3119.673,2989.543
yahoo.co.jp,3391.683,2944.837
yahoo.co.jp,2646.152,2596.388
yahoo.co.jp,2620.405,4933.302
yahoo.co.jp,3131.278,2114.519
yahoo.co.jp,2278.657,1859.394
yahoo.co.jp,2491.072,1866.076
yahoo.co.jp,2063.817,1884.165
pornhub.com,5380.99,3101.917
pornhub.com,844.604,558.075
pornhub.com,723.464,513.486
pornhub.com,581.558,461.671
pornhub.com,452.746,455.22
pornhub.com,442.78,468.619
pornhub.com,502.843,480.9
pornhub.com,518.243,444.957
pornhub.com,776.715,440.705
pornhub.com,133851.879,466.075
linkedin.com,1084.473,1701.569
linkedin.com,739.009,669.458
linkedin.com,461.871,589.312
linkedin.com,428.187,649.454
linkedin.com,395.068,503.229
linkedin.com,399.796,552.293
linkedin.com,714.084,565.49
linkedin.com,367.869,805.164
linkedin.com,406.178,533.156
linkedin.com,623.64,588.74
yandex.ru,3125.091,2813.041
yandex.ru,966.887,853.578
yandex.ru,778.772,761
yandex.ru,846.194,792.68
yandex.ru,713.624,713.379
yandex.ru,697.112,614.101
yandex.ru,703.157,735.711
yandex.ru,709.763,692.962
yandex.ru,668.23,739.421
yandex.ru,661.801,766.131
microsoftonline.com,90173.884,90861.521
microsoftonline.com,90092.119,90089.636
microsoftonline.com,90107.705,90097.839
microsoftonline.com,90108.767,90071.497
microsoftonline.com,90078.676,90083.172
microsoftonline.com,90074.204,90081.87
microsoftonline.com,90107.833,90133.625
microsoftonline.com,90100.389,90107.727
microsoftonline.com,90107.039,90099.787
microsoftonline.com,90069.422,90102.608
mail.ru,4450.695,4191.614
mail.ru,1654.127,1585.758
mail.ru,1732.571,1757.462
mail.ru,1596.867,1553.689
mail.ru,1238.365,1586.745
mail.ru,1527.103,1275.934
mail.ru,1561.541,1290.436
mail.ru,1383.674,1565.653
mail.ru,1670.155,1380.064
mail.ru,1540.381,1396.818
vk.com,2358.139,2073.637
vk.com,556.854,565.583
vk.com,616.453,553.867
vk.com,564.75,608.762
vk.com,584.318,501.988
vk.com,534.975,496.206
vk.com,586.96,498.138
vk.com,507.68,498.589
vk.com,629.811,472.839
vk.com,530.146,487.421
microsoft.com,2160.258,3186.026
microsoft.com,611.793,1061.675
microsoft.com,751.705,995.614
microsoft.com,567.246,1063.262
microsoft.com,601.072,838.752
microsoft.com,692.605,965.695
microsoft.com,694.59,923.712
microsoft.com,689.846,890.908
microsoft.com,735.454,731.204
microsoft.com,667.241,980.105
naver.com,4887.341,6865.067
naver.com,1823.269,1886.717
naver.com,1775.55,1425.666
naver.com,1705.69,1652.651
naver.com,1536.439,1694.863
naver.com,1711.115,1468.749
naver.com,1382.316,1446.311
naver.com,1452.405,1364.259
naver.com,1442.98,1447.014
naver.com,1385.548,1439.86
bing.com,689.656,562.341
bing.com,471.267,371.599
bing.com,362.538,364.326
bing.com,377.481,369.808
bing.com,353.189,387.521
bing.com,368.478,379.954
bing.com,370.862,383.966
bing.com,371.377,391.832
bing.com,388.622,385.546
bing.com,369.291,533.089
whatsapp.com,1895.146,1813.901
whatsapp.com,970.46,1059.452
whatsapp.com,1333.637,866.082
whatsapp.com,777.162,942.585
whatsapp.com,729.402,909.639
whatsapp.com,994.341,883.983
whatsapp.com,1619.518,893.145
whatsapp.com,983.088,800.07
whatsapp.com,1039.5,808.662
whatsapp.com,752.967,668.115
apple.com,3775.867,1644.487
apple.com,708.203,592.754
apple.com,706.186,473.565
apple.com,655.9,436.679
apple.com,536.204,542.962
apple.com,591.899,501.778
apple.com,611.056,540.238
apple.com,553.135,529.467
apple.com,577.298,497.998
apple.com,609.644,573.401
aliexpress.com,5360.469,5252.033
aliexpress.com,7218.233,5561.144
aliexpress.com,3189.868,2122.105
aliexpress.com,1886.054,1886.328
aliexpress.com,1646.936,1802.413
aliexpress.com,2241.381,2178.045
aliexpress.com,2056.466,2117.311
aliexpress.com,1695.524,2498.581
aliexpress.com,2120.328,1925.076
aliexpress.com,2002.205,2388.624
pages.tmall.com,10457.558,14307.662
pages.tmall.com,1429.055,1726.963
pages.tmall.com,1464.315,1759.257
pages.tmall.com,1543.487,1708.415
pages.tmall.com,1456.358,2892.72
pages.tmall.com,1365.728,1693.389
pages.tmall.com,1313.272,2478.602
pages.tmall.com,1444.586,3199.579
pages.tmall.com,1352.863,1728.796
pages.tmall.com,1497.793,2962.635
alipay.com,3097.979,4860.844
alipay.com,367.196,420.147
alipay.com,357.32,389.662
alipay.com,347.755,406.993
alipay.com,342.249,393.335
alipay.com,354.68,424.559
alipay.com,368.846,419.624
alipay.com,351.243,410.006
alipay.com,318.304,447.396
alipay.com,350.274,401.894
github.com,2038.613,4220.287
github.com,702.668,2629.604
github.com,2111.595,1106.965
github.com,1838.47,602.314
github.com,805.327,717.624
github.com,816.409,543.37
github.com,485.338,466.946
github.com,751.28,576.967
github.com,620.348,774.345
github.com,656.149,763.921
livejasmin.com,4830.895,8324.005
livejasmin.com,2492.243,2384.344
livejasmin.com,2468.887,2526.491
livejasmin.com,2420.428,2489.269
livejasmin.com,3223.324,2105.481
livejasmin.com,2250.463,2728.13
livejasmin.com,2168.218,2282.232
livejasmin.com,2427.519,2092.681
livejasmin.com,2639.565,2045.351
livejasmin.com,3358.794,3206.991
t.co,604.582,602.329
t.co,240.237,231.692
t.co,234.931,231.756
t.co,227.583,225.313
t.co,207.766,246.462
t.co,226.242,231.074
t.co,223.936,223.055
t.co,231.842,226.242
t.co,234.708,252.877
t.co,231.86,227.206
ebay.com,2444.005,2501.706
ebay.com,1262.704,1327.731
ebay.com,1903.108,1146.349
ebay.com,1163.886,1122.202
ebay.com,1005.414,1453.428
ebay.com,1095.748,1960.455
ebay.com,1217.413,1149.722
ebay.com,1311.329,1164.541
ebay.com,1181.279,1137.864
ebay.com,1242.408,1102.52
google.com.hk,3846.682,1782.496
google.com.hk,435.144,441.208
google.com.hk,443.219,392.591
google.com.hk,460.263,408.876
google.com.hk,386.919,349.53
google.com.hk,349.016,368.524
google.com.hk,406.157,408.517
google.com.hk,360.498,379.961
google.com.hk,442.793,398.729
google.com.hk,430.363,420.394
office.com,3865.99,5968.288
office.com,421.475,419.662
office.com,1080.143,1333.849
office.com,347.476,376.367
office.com,329.096,329.027
office.com,337.868,383.953
office.com,359.261,391.772
office.com,361.23,334.887
office.com,321.984,343.311
office.com,332.969,344.69
amazon.co.jp,5662.543,4927.897
amazon.co.jp,2336.234,1846.015
amazon.co.jp,2647.547,2416.138
amazon.co.jp,2157.117,1875.97
amazon.co.jp,2201.6,2507.766
amazon.co.jp,1807.541,1781.582
amazon.co.jp,2745.715,2158.094
amazon.co.jp,2415.191,2528.618
amazon.co.jp,2368.686,2228.776
amazon.co.jp,1869.839,1843.626
google.co.in,1356.61,2041.93
google.co.in,433.379,459.293
google.co.in,437.31,398.431
google.co.in,483.982,407.05
google.co.in,365.912,353.894
google.co.in,361.441,334.269
google.co.in,373.097,335.31
google.co.in,414.994,371.555
google.co.in,365.252,344.316
google.co.in,394.744,369.661
stackoverflow.com,2656.555,3622.763
stackoverflow.com,1082.489,1068.508
stackoverflow.com,671.655,1081.469
stackoverflow.com,1040.797,718.299
stackoverflow.com,661.804,1077.107
stackoverflow.com,771.627,1004.537
stackoverflow.com,983.074,927.406
stackoverflow.com,970.521,892.872
stackoverflow.com,1079.601,957.321
stackoverflow.com,974.075,1004.164
imdb.com,3571.239,5624.766
imdb.com,1954.593,1779.471
imdb.com,1170.986,1620.57
imdb.com,1657.617,1587.636
imdb.com,1382.644,1336.875
imdb.com,1415.574,1257.674
imdb.com,1291.543,1619.693
imdb.com,1360.204,1195.229
imdb.com,1224.461,1280.368
imdb.com,1298.323,1459.462
xvideos.com,3026.077,2421.954
xvideos.com,830.541,565.736
xvideos.com,683.32,623.611
xvideos.com,600.28,617.021
xvideos.com,669.978,532.177
xvideos.com,620.827,631.419
xvideos.com,669.012,600.272
xvideos.com,837.797,671.131
xvideos.com,482.864,702.868
xvideos.com,632.087,924.011
bilibili.com,10534.867,23149.037
bilibili.com,2461.445,725.022
bilibili.com,1101.539,762.644
bilibili.com,954.183,676.756
bilibili.com,992.193,917.308
bilibili.com,777.376,785.345
bilibili.com,752.171,706.459
bilibili.com,878.308,2201.553
bilibili.com,774.835,2147.777
bilibili.com,806.822,656.885
msn.com,6356.946,13930.72
msn.com,3506.356,2717.199
msn.com,1770.165,3198.072
msn.com,1258.659,2258.691
msn.com,2819.453,2439.044
msn.com,1321.254,1538.369
msn.com,1351.15,2099.575
msn.com,1214.766,1098.969
msn.com,1407.024,1384.858
msn.com,4106.689,1324.168
paypal.com,2570.369,2544.918
paypal.com,1403.065,2216.291
paypal.com,2117.825,2945.751
paypal.com,4578.495,1637.891
paypal.com,2052.988,2281.74
paypal.com,1384.877,1388.534
paypal.com,2442.37,1674.598
paypal.com,1253.37,2483.687
paypal.com,1254.725,2210.544
paypal.com,1407.096,2337.042
okezone.com,14723.676,24052.104
okezone.com,5185.053,4179.732
okezone.com,3725.249,2588.831
okezone.com,5066.136,4507.749
okezone.com,3031.994,2506.372
okezone.com,2945.003,2484.893
okezone.com,3872.251,2654.932
okezone.com,2528.5,2502.854
okezone.com,2742.162,2366.222
okezone.com,3971.44,2281.342
gmw.cn,7.307,4559.791
gmw.cn,0.702,194.251
gmw.cn,0.713,181.658
gmw.cn,0.671,181.972
gmw.cn,0.674,195.752
gmw.cn,0.67,183.332
gmw.cn,0.712,203.032
gmw.cn,0.681,186.364
gmw.cn,0.678,192.105
gmw.cn,1.827,177.618
163.com,18028.1,19536.235
163.com,92162.512,93157.153
163.com,12008.493,8438.237
163.com,6860.437,7570.61
163.com,6870.888,6861.009
163.com,5625.231,5617.107
163.com,8685.476,5569.571
163.com,7277.425,6152.524
163.com,6414.857,6587.338
163.com,5327.468,5903.924
imgur.com,5584.84,6398.894
imgur.com,1607.791,1771.968
imgur.com,1768.831,1608.12
imgur.com,1564.245,1861.903
imgur.com,1979.919,1599.327
imgur.com,1801.51,1845.597
imgur.com,1339.128,1618.975
imgur.com,1793.497,1436.221
imgur.com,1572.29,1770.954
imgur.com,1838.729,1530.298
wordpress.com,1804.574,4503.722
wordpress.com,571.027,536.369
wordpress.com,564.653,521.141
wordpress.com,496.091,452.125
wordpress.com,489.667,532.54
wordpress.com,528.575,491.204
wordpress.com,525.824,473.443
wordpress.com,461.42,486.616
wordpress.com,487.736,558.999
wordpress.com,436.281,449.843
fandom.com,3481.332,3272.43
fandom.com,562.884,579.09
fandom.com,542.166,516.961
fandom.com,599.18,483.402
fandom.com,539.12,533.746
fandom.com,543.67,442.853
fandom.com,536.384,541.776
fandom.com,551.392,538.328
fandom.com,536.236,561.828
fandom.com,516.143,635.179
google.co.jp,2053.897,1809.171
google.co.jp,430.701,467.101
google.co.jp,437.851,419.773
google.co.jp,430.011,447.263
google.co.jp,400.999,343.085
google.co.jp,407.439,375.419
google.co.jp,418.893,373
google.co.jp,348.113,387.812
google.co.jp,353.501,348.943
google.co.jp,336.208,412.151
xhamster.com,3061.358,4412.242
xhamster.com,738.132,685.412
xhamster.com,722.304,745.169
xhamster.com,793.944,737.875
xhamster.com,683.24,752.306
xhamster.com,687.828,719.843
xhamster.com,724.707,694.147
xhamster.com,726.702,732.811
xhamster.com,674.697,674.539
xhamster.com,688.22,630.186
google.com.br,2760.703,3327.834
google.com.br,418.488,426.948
google.com.br,403.592,456.697
google.com.br,391.553,432.634
google.com.br,373.853,430.728
google.com.br,393.008,438.45
google.com.br,408.349,417.355
google.com.br,358.47,397.662
google.com.br,357.811,404.307
google.com.br,394.13,442.937
adobe.com,3757.828,5719.81
adobe.com,1465.107,1128.062
adobe.com,1011.756,1048.124
adobe.com,1052.09,1126.678
adobe.com,1555.906,1106.102
adobe.com,1091.005,1193.494
adobe.com,1063.427,1231.994
adobe.com,1316.078,1076.454
adobe.com,1112.861,1141.341
adobe.com,1002.334,1021.874
google.ru,1711.95,1921.698
google.ru,494.384,803.621
google.ru,439.649,421.235
google.ru,475.994,449.398
google.ru,421.879,393.208
google.ru,432.617,411.748
google.ru,426.021,415.883
google.ru,433.814,432.922
google.ru,387.913,387.056
google.ru,397.291,395.475
douban.com,8525.756,19826.68
douban.com,2233.404,1812.51
douban.com,2222.089,1843.694
douban.com,2139.365,1810.29
douban.com,2196.398,2113.042
douban.com,2186.78,2019.204
douban.com,2217.065,1782.422
douban.com,2213.033,2111.584
douban.com,2212.301,2001.387
douban.com,2197.484,1762.717
bongacams.com,4289.859,6544.18
bongacams.com,1207.281,1381.124
bongacams.com,1550.277,1322.518
bongacams.com,1271.089,980.813
bongacams.com,1140.98,934.319
bongacams.com,1032.067,1014.674
bongacams.com,998.335,1017.591
bongacams.com,1110.309,991.908
bongacams.com,1554.534,1070.439
bongacams.com,1301.426,1398.667
deloplen.com,174.135,172.021
deloplen.com,50.694,42.782
deloplen.com,30.125,41.262
deloplen.com,34.222,39.905
deloplen.com,39.191,37.098
deloplen.com,35.391,32.447
deloplen.com,25.186,30.911
deloplen.com,31.061,32.374
deloplen.com,29.18,27.108
deloplen.com,36.378,35.233
cnblogs.com,9941.154,12036.178
cnblogs.com,1060.542,1045.134
cnblogs.com,1068.261,1052.05
cnblogs.com,1112.215,963.45
cnblogs.com,1334.874,968.18
cnblogs.com,1364.087,958.942
cnblogs.com,1081.56,841.428
cnblogs.com,1329.744,1114.589
cnblogs.com,1076.717,974.019
cnblogs.com,1057.388,1016.618
dropbox.com,4944.394,5650.536
dropbox.com,3710.428,2670.295
dropbox.com,214.005,3552.269
dropbox.com,76.926,2449.537
dropbox.com,4267.114,2526.771
dropbox.com,2581.437,2837.377
dropbox.com,3932.503,3689.751
dropbox.com,539.152,2624.652
dropbox.com,31.009,2758.172
dropbox.com,3036.361,2898.515
pinterest.com,2537.987,4019.307
pinterest.com,2982.743,3301.758
pinterest.com,3083.804,3742.99
pinterest.com,2627.778,3389.148
pinterest.com,2699.609,3642.116
pinterest.com,2817.788,3296.667
pinterest.com,2798.846,3745.011
pinterest.com,2697.73,4086.059
pinterest.com,2991.053,4266.305
pinterest.com,2299.289,3293.886
hao123.com,16223.689,15583.649
hao123.com,4055.765,4230.992
hao123.com,94441.533,4050.583
hao123.com,5142.597,94146.099
hao123.com,2674.481,5461.638
hao123.com,2327.438,9701.938
hao123.com,6165.753,5624.166
hao123.com,2550.297,6142.213
hao123.com,2439.834,6473.301
hao123.com,5699.678,2945.829
amazon.in,3060.636,3262.772
amazon.in,1256.973,1348.17
amazon.in,1402.704,1203.753
amazon.in,1263.253,1338.293
amazon.in,1415.658,1379.163
amazon.in,1401.717,1247.118
amazon.in,1178.863,1168.774
amazon.in,1209.799,1774.637
amazon.in,1438.884,694.462
amazon.in,1143.42,1266.322
detail.tmall.com,13552.483,11762.715
detail.tmall.com,2038.316,2055.282
detail.tmall.com,2040.894,3616.78
detail.tmall.com,2040.32,2163.237
detail.tmall.com,1997.921,2728.701
detail.tmall.com,3030.486,2165.363
detail.tmall.com,2210.574,2802.408
detail.tmall.com,2998.678,2024.491
detail.tmall.com,1994.959,2461.861
detail.tmall.com,1985.237,2056.049
booking.com,3491.463,3782.122
booking.com,2283.446,2003.023
booking.com,2193.167,2296.945
booking.com,2189.271,2192.842
booking.com,1970.364,2315.905
booking.com,2341.381,2203.267
booking.com,2099.29,2125.349
booking.com,2316.135,2184.33
booking.com,1403.853,2076.343
booking.com,1785.102,2517.51
xinhuanet.com,72591.5,72828.6
xinhuanet.com,71593.127,71586.86
xinhuanet.com,70707.658,70752.688
xinhuanet.com,70719.478,71765.724
xinhuanet.com,70744.877,71750.378
xinhuanet.com,70761.211,71642.301
xinhuanet.com,70716.328,70736.93
xinhuanet.com,70732.973,70733.3
xinhuanet.com,71827.645,70731.598
xinhuanet.com,71541.021,70724.879
google.de,1785.546,1684.499
google.de,470.667,444.316
google.de,683.18,460.3
google.de,446.705,386.069
google.de,449.373,340.84
google.de,401.145,522.726
google.de,429.728,402.327
google.de,399.303,395.355
google.de,405.329,374.449
google.de,413.13,339.401
google.fr,1587.698,1711.371
google.fr,424.146,446.425
google.fr,437.264,395.196
google.fr,446.137,430.816
google.fr,351.085,358.141
google.fr,340.743,395.7
google.fr,364.685,383.277
google.fr,363.304,412.623
google.fr,363.999,367.445
google.fr,354.191,427.618
amazon.de,2508.948,3269.143
amazon.de,1296.909,1236.852
amazon.de,1272.997,1207.672
amazon.de,1275.529,1291.116
amazon.de,1279.295,1179.798
amazon.de,1269.37,1291.592
amazon.de,1219.634,1279.137
amazon.de,1476.241,1365.485
amazon.de,1065.835,1318.711
amazon.de,1311.766,1557.384
force.com,8408.655,7904.175
force.com,1945.399,2069.718
force.com,1874.991,1786.779
force.com,2015.694,2268.269
force.com,2274.334,1599.742
force.com,1984.612,2144.172
force.com,2001.25,1663.105
force.com,2691.936,2232.093
force.com,1866.617,1804.87
force.com,1776.583,4075.23
google.cn,1199.749,652.12
google.cn,365.739,282.262
google.cn,287.995,313.178
google.cn,320.666,272.142
google.cn,334.429,258.807
google.cn,303.276,262.756
google.cn,329.255,261.826
google.cn,289.921,272.96
google.cn,330.952,261.638
google.cn,292.419,265.446
tumblr.com,1730.1,1638.333
tumblr.com,879.343,801.834
tumblr.com,772.262,786.479
tumblr.com,888.359,813.051
tumblr.com,673.288,593.639
tumblr.com,979.155,662.02
tumblr.com,641.59,800.813
tumblr.com,691.015,658.921
tumblr.com,628.963,1163.823
tumblr.com,1013.126,742.456
amazon.co.uk,3509.342,2828.811
amazon.co.uk,1273.042,1428.925
amazon.co.uk,1256.883,1360.215
amazon.co.uk,1524.625,1255.74
amazon.co.uk,1422.6,1457.023
amazon.co.uk,1484.698,1315.935
amazon.co.uk,1487.164,1425.306
amazon.co.uk,1397.653,1354.519
amazon.co.uk,1663.098,1389.714
amazon.co.uk,1159.162,1746.811
soso.com,1950.622,2288.997
soso.com,36.701,44.301
soso.com,43.713,35.025
soso.com,29.709,31.204
soso.com,32.577,30.54
soso.com,23.489,57.182
soso.com,44.203,37.04
soso.com,26.49,41.802
soso.com,31.587,27.282
soso.com,26.762,24.892
salesforce.com,6895.817,7202.42
salesforce.com,1963.783,2074.401
salesforce.com,2147.725,2422.242
salesforce.com,4207.522,2654.676
salesforce.com,1886.133,2718.678
salesforce.com,3040.689,2605.647
salesforce.com,2374.735,2511.205
salesforce.com,2933.947,2127.132
salesforce.com,3444.893,2610.271
salesforce.com,2197.389,2498.411
quora.com,1339.515,916.497
quora.com,1110.941,2403.448
quora.com,599.369,486.659
quora.com,451.612,593.339
quora.com,550.321,552.035
quora.com,622.081,457.544
quora.com,649.483,655.356
quora.com,597.595,606.158
quora.com,690.121,572.353
quora.com,580.659,476.098
bbc.com,8629.518,6344.634
bbc.com,1109.664,1706.649
bbc.com,971.566,988.796
bbc.com,1152.636,1605.116
bbc.com,1100.483,1042.964
bbc.com,1510.269,1099.607
bbc.com,1068.601,958.711
bbc.com,1044.306,1063.585
bbc.com,1074.936,1033.038
bbc.com,999.754,1003.966
pixnet.net,13000.246,14272.071
pixnet.net,5317.578,4808.356
pixnet.net,3612.273,5537.039
pixnet.net,3619.303,5039.997
pixnet.net,3806.89,3522.424
pixnet.net,5415.382,3327.801
pixnet.net,5018.959,4786.667
pixnet.net,3824.626,3416.763
pixnet.net,3320.982,3451.669
pixnet.net,3599.648,4750.546
babytree.com,7425.475,9134.772
babytree.com,3001.2,2981.905
babytree.com,2974.854,3354.74
babytree.com,2936.039,2996.252
babytree.com,2990.512,2971.765
babytree.com,2918.552,3443.845
babytree.com,2942.441,2982.51
babytree.com,2908.041,3456.636
babytree.com,2898.706,3076.962
babytree.com,2952.393,2933.167
amazonaws.com,503.346,557.088
amazonaws.com,217.451,191.85
amazonaws.com,201.471,200.039
amazonaws.com,212.58,196.594
amazonaws.com,207.228,211.12
amazonaws.com,200.404,195.054
amazonaws.com,208.324,189.007
amazonaws.com,190.191,193.245
amazonaws.com,193.883,203.262
amazonaws.com,189.652,208.052
zhihu.com,5980.569,5844.395
zhihu.com,1107.808,1502.801
zhihu.com,1169.696,1271.285
zhihu.com,1161.687,1256.874
zhihu.com,1211.057,1372.961
zhihu.com,1185.577,1185.377
zhihu.com,1073.448,1535.86
zhihu.com,1138.314,1466.603
zhihu.com,1138.655,1399.934
zhihu.com,1216.538,1242.197
google.es,1665.967,1549.458
google.es,470.245,416.051
google.es,477.342,434.961
google.es,419.941,468.842
google.es,432.078,340.446
google.es,421.001,349.249
google.es,378.844,386.9
google.es,419.693,378.795
google.es,389.975,488.304
google.es,370.172,371.645
roblox.com,3962.602,3720.919
roblox.com,1772.3,1745.306
roblox.com,1117.805,1151.941
roblox.com,1094.154,1267.348
roblox.com,1559.444,1641.112
roblox.com,1626.095,1546.017
roblox.com,1592.664,1605.294
roblox.com,1672.071,1595.74
roblox.com,1606.65,1552.438
roblox.com,1628.049,1694.258
rakuten.co.jp,12068.767,12397.444
rakuten.co.jp,10311.963,10245.795
rakuten.co.jp,47.7,51.079
rakuten.co.jp,33.869,31.321
rakuten.co.jp,30.649,35.607
rakuten.co.jp,35.629,31.626
rakuten.co.jp,35.745,32.008
rakuten.co.jp,27.68,28.887
rakuten.co.jp,33.205,29.728
rakuten.co.jp,32.153,32.374
sogou.com,4905.642,4761.163
sogou.com,910.404,907.007
sogou.com,904.566,877.276
sogou.com,889.262,919.878
sogou.com,935.014,911.886
sogou.com,931.115,924.533
sogou.com,917.85,919.805
sogou.com,911.959,1829.157
sogou.com,1850.904,907.223
sogou.com,901.258,1805.349
google.it,1634.961,1370.895
google.it,458.156,695.671
google.it,488.237,425.117
google.it,450.065,414.853
google.it,424.598,371.35
google.it,472.792,382.725
google.it,557.138,351.613
google.it,457.853,430.954
google.it,392.068,462.498
google.it,421.664,404.805
ettoday.net,30123.614,29105.53
ettoday.net,11348.466,11771.481
ettoday.net,11313.208,11440.951
ettoday.net,11722.537,10976.122
ettoday.net,11018.831,10965.322
ettoday.net,11097.768,11005.941
ettoday.net,11009.763,10897.256
ettoday.net,11058.919,11069.055
ettoday.net,11083.523,11241.31
ettoday.net,11255.968,11202.034
onlinesbi.com,5921.946,4014.996
onlinesbi.com,113.104,109.73
onlinesbi.com,221.362,215.27
onlinesbi.com,99.591,94.802
onlinesbi.com,137.992,738.895
onlinesbi.com,145.874,104.315
onlinesbi.com,608.898,219.995
onlinesbi.com,122.241,104.378
onlinesbi.com,216.66,135.64
onlinesbi.com,89.69,132.497
spotify.com,10311.222,13133.091
spotify.com,1278.217,1286.103
spotify.com,1405.055,1387.897
spotify.com,1653.453,1317.052
spotify.com,1273.245,1949.556
spotify.com,1392.026,1402.884
spotify.com,1265.751,1741.028
spotify.com,1377.173,1409.616
spotify.com,1258.395,1504.819
spotify.com,1563.914,1229.37
aparat.com,3018.69,4048.985
aparat.com,1188.237,1490.394
aparat.com,1068.54,1095.834
aparat.com,1327.358,1041.343
aparat.com,1257.907,1133.368
aparat.com,952.897,1090.978
aparat.com,885.087,1314.801
aparat.com,988.015,949.932
aparat.com,914.395,1305.708
aparat.com,1205.599,1001.945
